ProductKey,ProductAlternateKey,ProductCategoryKeyEnglishProductName,Color,StandardCost,ListPrice
1,AR-5381,NULL,Adjustable Race,NA,NULL,NULL
2,BA-8327,NULL,Bearing Ball,NA,NULL,NULL
3,BE-2349,NULL,BB Ball Bearing,NA,NULL,NULL
4,BE-2908,NULL,Headset Ball Bearings,NA,NULL,NULL
5,BL-2036,NULL,Blade,NA,NULL,NULL
6,CA-5965,NULL,LL Crankarm,Black,NULL,NULL
7,CA-6738,NULL,ML Crankarm,Black,NULL,NULL
8,CA-7457,NULL,HL Crankarm,Black,NULL,NULL
9,CB-2903,NULL,Chainring Bolts,Silver,NULL,NULL
10,CN-6137,NULL,Chainring Nut,Silver,NULL,NULL
11,CR-7833,NULL,Chainring,Black,NULL,NULL
12,CR-9981,NULL,Crown Race,NA,NULL,NULL
13,CS-2812,NULL,Chain Stays,NA,NULL,NULL
14,DC-8732,NULL,Decal 1,NA,NULL,NULL
15,DC-9824,NULL,Decal 2,NA,NULL,NULL
16,DT-2377,NULL,Down Tube,NA,NULL,NULL
17,EC-M092,NULL,Mountain End Caps,NA,NULL,NULL
18,EC-R098,NULL,Road End Caps,NA,NULL,NULL
19,EC-T209,NULL,Touring End Caps,NA,NULL,NULL
20,FE-3760,NULL,Fork End,NA,NULL,NULL
21,FH-2981,NULL,Freewheel,Silver,NULL,NULL
22,FW-1000,NULL,Flat Washer 1,NA,NULL,NULL
23,FW-1200,NULL,Flat Washer 6,NA,NULL,NULL
24,FW-1400,NULL,Flat Washer 2,NA,NULL,NULL
25,FW-3400,NULL,Flat Washer 9,NA,NULL,NULL
26,FW-3800,NULL,Flat Washer 4,NA,NULL,NULL
27,FW-5160,NULL,Flat Washer 3,NA,NULL,NULL
28,FW-5800,NULL,Flat Washer 8,NA,NULL,NULL
29,FW-7160,NULL,Flat Washer 5,NA,NULL,NULL
30,FW-9160,NULL,Flat Washer 7,NA,NULL,NULL
31,FC-3654,NULL,Fork Crown,NA,NULL,NULL
32,FC-3982,NULL,Front Derailleur Cage,Silver,NULL,NULL
33,FL-2301,NULL,Front Derailleur Linkage,Silver,NULL,NULL
34,GP-0982,NULL,Guide Pulley,NA,NULL,NULL
35,GT-0820,NULL,LL Grip Tape,NA,NULL,NULL
36,GT-1209,NULL,ML Grip Tape,NA,NULL,NULL
37,GT-2908,NULL,HL Grip Tape,NA,NULL,NULL
38,HJ-1213,NULL,Thin-Jam Hex Nut 9,NA,NULL,NULL
39,HJ-1220,NULL,Thin-Jam Hex Nut 10,NA,NULL,NULL
40,HJ-1420,NULL,Thin-Jam Hex Nut 1,NA,NULL,NULL
41,HJ-1428,NULL,Thin-Jam Hex Nut 2,NA,NULL,NULL
42,HJ-3410,NULL,Thin-Jam Hex Nut 15,NA,NULL,NULL
43,HJ-3416,NULL,Thin-Jam Hex Nut 16,NA,NULL,NULL
44,HJ-3816,NULL,Thin-Jam Hex Nut 5,NA,NULL,NULL
45,HJ-3824,NULL,Thin-Jam Hex Nut 6,NA,NULL,NULL
46,HJ-5161,NULL,Thin-Jam Hex Nut 3,NA,NULL,NULL
47,HJ-5162,NULL,Thin-Jam Hex Nut 4,NA,NULL,NULL
48,HJ-5811,NULL,Thin-Jam Hex Nut 13,NA,NULL,NULL
49,HJ-5818,NULL,Thin-Jam Hex Nut 14,NA,NULL,NULL
50,HJ-7161,NULL,Thin-Jam Hex Nut 7,NA,NULL,NULL
51,HJ-7162,NULL,Thin-Jam Hex Nut 8,NA,NULL,NULL
52,HJ-9080,NULL,Thin-Jam Hex Nut 12,NA,NULL,NULL
53,HJ-9161,NULL,Thin-Jam Hex Nut 11,NA,NULL,NULL
54,HN-1024,NULL,Hex Nut 5,NA,NULL,NULL
55,HN-1032,NULL,Hex Nut 6,NA,NULL,NULL
56,HN-1213,NULL,Hex Nut 16,NA,NULL,NULL
57,HN-1220,NULL,Hex Nut 17,NA,NULL,NULL
58,HN-1224,NULL,Hex Nut 7,NA,NULL,NULL
59,HN-1420,NULL,Hex Nut 8,NA,NULL,NULL
60,HN-1428,NULL,Hex Nut 9,NA,NULL,NULL
61,HN-3410,NULL,Hex Nut 22,NA,NULL,NULL
62,HN-3416,NULL,Hex Nut 23,NA,NULL,NULL
63,HN-3816,NULL,Hex Nut 12,NA,NULL,NULL
64,HN-3824,NULL,Hex Nut 13,NA,NULL,NULL
65,HN-4402,NULL,Hex Nut 1,NA,NULL,NULL
66,HN-5161,NULL,Hex Nut 10,NA,NULL,NULL
67,HN-5162,NULL,Hex Nut 11,NA,NULL,NULL
68,HN-5400,NULL,Hex Nut 2,NA,NULL,NULL
69,HN-5811,NULL,Hex Nut 20,NA,NULL,NULL
70,HN-5818,NULL,Hex Nut 21,NA,NULL,NULL
71,HN-6320,NULL,Hex Nut 3,NA,NULL,NULL
72,HN-7161,NULL,Hex Nut 14,NA,NULL,NULL
73,HN-7162,NULL,Hex Nut 15,NA,NULL,NULL
74,HN-8320,NULL,Hex Nut 4,NA,NULL,NULL
75,HN-9161,NULL,Hex Nut 18,NA,NULL,NULL
76,HN-9168,NULL,Hex Nut 19,NA,NULL,NULL
77,HT-2981,NULL,Handlebar Tube,NA,NULL,NULL
78,HT-8019,NULL,Head Tube,NA,NULL,NULL
79,HU-6280,NULL,LL Hub,NA,NULL,NULL
80,HU-8998,NULL,HL Hub,NA,NULL,NULL
81,KW-4091,NULL,Keyed Washer,NA,NULL,NULL
82,LE-1000,NULL,External Lock Washer 3,NA,NULL,NULL
83,LE-1200,NULL,External Lock Washer 4,NA,NULL,NULL
84,LE-1201,NULL,External Lock Washer 9,NA,NULL,NULL
85,LE-1400,NULL,External Lock Washer 5,NA,NULL,NULL
86,LE-3800,NULL,External Lock Washer 7,NA,NULL,NULL
87,LE-5160,NULL,External Lock Washer 6,NA,NULL,NULL
88,LE-6000,NULL,External Lock Washer 1,NA,NULL,NULL
89,LE-7160,NULL,External Lock Washer 8,NA,NULL,NULL
90,LE-8000,NULL,External Lock Washer 2,NA,NULL,NULL
91,LI-1000,NULL,Internal Lock Washer 3,NA,NULL,NULL
92,LI-1200,NULL,Internal Lock Washer 4,NA,NULL,NULL
93,LI-1201,NULL,Internal Lock Washer 9,NA,NULL,NULL
94,LI-1400,NULL,Internal Lock Washer 5,NA,NULL,NULL
95,LI-3800,NULL,Internal Lock Washer 7,NA,NULL,NULL
96,LI-5160,NULL,Internal Lock Washer 6,NA,NULL,NULL
97,LI-5800,NULL,Internal Lock Washer 10,NA,NULL,NULL
98,LI-6000,NULL,Internal Lock Washer 1,NA,NULL,NULL
99,LI-7160,NULL,Internal Lock Washer 8,NA,NULL,NULL
100,LI-8000,NULL,Internal Lock Washer 2,NA,NULL,NULL
101,LJ-1213,NULL,Thin-Jam Lock Nut 9,NA,NULL,NULL
102,LJ-1220,NULL,Thin-Jam Lock Nut 10,NA,NULL,NULL
103,LJ-1420,NULL,Thin-Jam Lock Nut 1,NA,NULL,NULL
104,LJ-1428,NULL,Thin-Jam Lock Nut 2,NA,NULL,NULL
105,LJ-3410,NULL,Thin-Jam Lock Nut 15,NA,NULL,NULL
106,LJ-3416,NULL,Thin-Jam Lock Nut 16,NA,NULL,NULL
107,LJ-3816,NULL,Thin-Jam Lock Nut 5,NA,NULL,NULL
108,LJ-3824,NULL,Thin-Jam Lock Nut 6,NA,NULL,NULL
109,LJ-5161,NULL,Thin-Jam Lock Nut 3,NA,NULL,NULL
110,LJ-5162,NULL,Thin-Jam Lock Nut 4,NA,NULL,NULL
111,LJ-5811,NULL,Thin-Jam Lock Nut 13,NA,NULL,NULL
112,LJ-5818,NULL,Thin-Jam Lock Nut 14,NA,NULL,NULL
113,LJ-7161,NULL,Thin-Jam Lock Nut 7,NA,NULL,NULL
114,LJ-7162,NULL,Thin-Jam Lock Nut 8,NA,NULL,NULL
115,LJ-9080,NULL,Thin-Jam Lock Nut 12,NA,NULL,NULL
116,LJ-9161,NULL,Thin-Jam Lock Nut 11,NA,NULL,NULL
117,LN-1024,NULL,Lock Nut 5,NA,NULL,NULL
118,LN-1032,NULL,Lock Nut 6,NA,NULL,NULL
119,LN-1213,NULL,Lock Nut 16,NA,NULL,NULL
120,LN-1220,NULL,Lock Nut 17,NA,NULL,NULL
121,LN-1224,NULL,Lock Nut 7,NA,NULL,NULL
122,LN-1420,NULL,Lock Nut 8,NA,NULL,NULL
123,LN-1428,NULL,Lock Nut 9,NA,NULL,NULL
124,LN-3410,NULL,Lock Nut 22,NA,NULL,NULL
125,LN-3416,NULL,Lock Nut 23,NA,NULL,NULL
126,LN-3816,NULL,Lock Nut 12,NA,NULL,NULL
127,LN-3824,NULL,Lock Nut 13,NA,NULL,NULL
128,LN-4400,NULL,Lock Nut 1,NA,NULL,NULL
129,LN-5161,NULL,Lock Nut 10,NA,NULL,NULL
130,LN-5162,NULL,Lock Nut 11,NA,NULL,NULL
131,LN-5400,NULL,Lock Nut 2,NA,NULL,NULL
132,LN-5811,NULL,Lock Nut 20,NA,NULL,NULL
133,LN-5818,NULL,Lock Nut 21,NA,NULL,NULL
134,LN-6320,NULL,Lock Nut 3,NA,NULL,NULL
135,LN-7161,NULL,Lock Nut 14,NA,NULL,NULL
136,LN-7162,NULL,Lock Nut 15,NA,NULL,NULL
137,LN-8320,NULL,Lock Nut 4,NA,NULL,NULL
138,LN-9080,NULL,Lock Nut 19,NA,NULL,NULL
139,LN-9161,NULL,Lock Nut 18,NA,NULL,NULL
140,LR-2398,NULL,Lock Ring,Silver,NULL,NULL
141,LR-8520,NULL,Lower Head Race,NA,NULL,NULL
142,LW-1000,NULL,Lock Washer 4,NA,NULL,NULL
143,LW-1200,NULL,Lock Washer 5,NA,NULL,NULL
144,LW-1201,NULL,Lock Washer 10,NA,NULL,NULL
145,LW-1400,NULL,Lock Washer 6,NA,NULL,NULL
146,LW-3400,NULL,Lock Washer 13,NA,NULL,NULL
147,LW-3800,NULL,Lock Washer 8,NA,NULL,NULL
148,LW-4000,NULL,Lock Washer 1,NA,NULL,NULL
149,LW-5160,NULL,Lock Washer 7,NA,NULL,NULL
150,LW-5800,NULL,Lock Washer 12,NA,NULL,NULL
151,LW-6000,NULL,Lock Washer 2,NA,NULL,NULL
152,LW-7160,NULL,Lock Washer 9,NA,NULL,NULL
153,LW-8000,NULL,Lock Washer 3,NA,NULL,NULL
154,LW-9160,NULL,Lock Washer 11,NA,NULL,NULL
155,MA-7075,NULL,Metal Angle,NA,NULL,NULL
156,MB-2024,NULL,Metal Bar 1,NA,NULL,NULL
157,MB-6061,NULL,Metal Bar 2,NA,NULL,NULL
158,MP-2066,NULL,Metal Plate 2,NA,NULL,NULL
159,MP-2503,NULL,Metal Plate 1,NA,NULL,NULL
160,MP-4960,NULL,Metal Plate 3,NA,NULL,NULL
161,MS-0253,NULL,Metal Sheet 2,NA,NULL,NULL
162,MS-1256,NULL,Metal Sheet 3,NA,NULL,NULL
163,MS-1981,NULL,Metal Sheet 7,NA,NULL,NULL
164,MS-2259,NULL,Metal Sheet 4,NA,NULL,NULL
165,MS-2341,NULL,Metal Sheet 5,NA,NULL,NULL
166,MS-2348,NULL,Metal Sheet 6,NA,NULL,NULL
167,MS-6061,NULL,Metal Sheet 1,NA,NULL,NULL
168,MT-1000,NULL,Metal Tread Plate,NA,NULL,NULL
169,NI-4127,NULL,LL Nipple,NA,NULL,NULL
170,NI-9522,NULL,HL Nipple,NA,NULL,NULL
171,PA-187B,NULL,Paint - Black,NA,NULL,NULL
172,PA-361R,NULL,Paint - Red,NA,NULL,NULL
173,PA-529S,NULL,Paint - Silver,NA,NULL,NULL
174,PA-632U,NULL,Paint - Blue,NA,NULL,NULL
175,PA-823Y,NULL,Paint - Yellow,NA,NULL,NULL
176,PB-6109,NULL,Pinch Bolt,NA,NULL,NULL
177,RA-2345,NULL,Cup-Shaped Race,NA,NULL,NULL
178,RA-7490,NULL,Cone-Shaped Race,NA,NULL,NULL
179,RF-9198,NULL,Reflector,NA,NULL,NULL
180,RM-M464,NULL,LL Mountain Rim,NA,NULL,NULL
181,RM-M692,NULL,ML Mountain Rim,NA,NULL,NULL
182,RM-M823,NULL,HL Mountain Rim,NA,NULL,NULL
183,RM-R436,NULL,LL Road Rim,NA,NULL,NULL
184,RM-R600,NULL,ML Road Rim,NA,NULL,NULL
185,RM-R800,NULL,HL Road Rim,NA,NULL,NULL
186,RM-T801,NULL,Touring Rim,NA,NULL,NULL
187,SA-M198,NULL,LL Mountain Seat Assembly,NA,NULL,NULL
188,SA-M237,NULL,ML Mountain Seat Assembly,NA,NULL,NULL
189,SA-M687,NULL,HL Mountain Seat Assembly,NA,NULL,NULL
190,SA-R127,NULL,LL Road Seat Assembly,NA,NULL,NULL
191,SA-R430,NULL,ML Road Seat Assembly,NA,NULL,NULL
192,SA-R522,NULL,HL Road Seat Assembly,NA,NULL,NULL
193,SA-T467,NULL,LL Touring Seat Assembly,NA,NULL,NULL
194,SA-T612,NULL,ML Touring Seat Assembly,NA,NULL,NULL
195,SA-T872,NULL,HL Touring Seat Assembly,NA,NULL,NULL
196,SD-2342,NULL,LL Spindle/Axle,NA,NULL,NULL
197,SD-9872,NULL,HL Spindle/Axle,NA,NULL,NULL
198,SH-4562,NULL,LL Shell,NA,NULL,NULL
199,SH-9312,NULL,HL Shell,NA,NULL,NULL
200,SK-9283,NULL,Spokes,NA,NULL,NULL
201,SL-0931,NULL,Seat Lug,NA,NULL,NULL
202,SM-9087,NULL,Stem,NA,NULL,NULL
203,SP-2981,NULL,Seat Post,NA,NULL,NULL
204,SR-2098,NULL,Steerer,NA,NULL,NULL
205,SS-2985,NULL,Seat Stays,NA,NULL,NULL
206,ST-9828,NULL,Seat Tube,NA,NULL,NULL
207,TO-2301,NULL,Top Tube,NA,NULL,NULL
208,TP-0923,NULL,Tension Pulley,NA,NULL,NULL
209,RC-0291,NULL,Rear Derailleur Cage,Silver,NULL,NULL
210,FR-R92B-58,2,"HL Road Frame - Black, 58",Black,868.6342,1431.50
211,FR-R92R-58,2,"HL Road Frame - Red, 58",Red,868.6342,1431.50
212,HL-U509-R,4,"Sport-100 Helmet, Red",Red,12.0278,33.6442
213,HL-U509-R,4,"Sport-100 Helmet, Red",Red,13.8782,33.6442
214,HL-U509-R,4,"Sport-100 Helmet, Red",Red,13.0863,34.99
215,HL-U509,4,"Sport-100 Helmet, Black",Black,12.0278,33.6442
216,HL-U509,4,"Sport-100 Helmet, Black",Black,13.8782,33.6442
217,HL-U509,4,"Sport-100 Helmet, Black",Black,13.0863,34.99
218,SO-B909-M,3,"Mountain Bike Socks, M",White,3.3963,9.50
219,SO-B909-L,3,"Mountain Bike Socks, L",White,3.3963,9.50
220,HL-U509-B,4,"Sport-100 Helmet, Blue",Blue,12.0278,33.6442
221,HL-U509-B,4,"Sport-100 Helmet, Blue",Blue,13.8782,33.6442
222,HL-U509-B,4,"Sport-100 Helmet, Blue",Blue,13.0863,34.99
223,CA-1098,3,AWC Logo Cap,Multi,5.7052,8.6442
224,CA-1098,3,AWC Logo Cap,Multi,5.2297,8.6442
225,CA-1098,3,AWC Logo Cap,Multi,6.9223,8.99
226,LJ-0192-S,3,"Long-Sleeve Logo Jersey, S",Multi,31.7244,48.0673
227,LJ-0192-S,3,"Long-Sleeve Logo Jersey, S",Multi,29.0807,48.0673
228,LJ-0192-S,3,"Long-Sleeve Logo Jersey, S",Multi,38.4923,49.99
229,LJ-0192-M,3,"Long-Sleeve Logo Jersey, M",Multi,31.7244,48.0673
230,LJ-0192-M,3,"Long-Sleeve Logo Jersey, M",Multi,29.0807,48.0673
231,LJ-0192-M,3,"Long-Sleeve Logo Jersey, M",Multi,38.4923,49.99
232,LJ-0192-L,3,"Long-Sleeve Logo Jersey, L",Multi,31.7244,48.0673
233,LJ-0192-L,3,"Long-Sleeve Logo Jersey, L",Multi,29.0807,48.0673
234,LJ-0192-L,3,"Long-Sleeve Logo Jersey, L",Multi,38.4923,49.99
235,LJ-0192-X,3,"Long-Sleeve Logo Jersey, XL",Multi,31.7244,48.0673
236,LJ-0192-X,3,"Long-Sleeve Logo Jersey, XL",Multi,29.0807,48.0673
237,LJ-0192-X,3,"Long-Sleeve Logo Jersey, XL",Multi,38.4923,49.99
238,FR-R92R-62,2,"HL Road Frame - Red, 62",Red,747.9682,1263.4598
239,FR-R92R-62,2,"HL Road Frame - Red, 62",Red,722.2568,1301.3636
240,FR-R92R-62,2,"HL Road Frame - Red, 62",Red,868.6342,1431.50
241,FR-R92R-44,2,"HL Road Frame - Red, 44",Red,747.9682,1263.4598
242,FR-R92R-44,2,"HL Road Frame - Red, 44",Red,722.2568,1301.3636
243,FR-R92R-44,2,"HL Road Frame - Red, 44",Red,868.6342,1431.50
244,FR-R92R-48,2,"HL Road Frame - Red, 48",Red,747.9682,1263.4598
245,FR-R92R-48,2,"HL Road Frame - Red, 48",Red,722.2568,1301.3636
246,FR-R92R-48,2,"HL Road Frame - Red, 48",Red,868.6342,1431.50
247,FR-R92R-52,2,"HL Road Frame - Red, 52",Red,747.9682,1263.4598
248,FR-R92R-52,2,"HL Road Frame - Red, 52",Red,722.2568,1301.3636
249,FR-R92R-52,2,"HL Road Frame - Red, 52",Red,868.6342,1431.50
250,FR-R92R-56,2,"HL Road Frame - Red, 56",Red,747.9682,1263.4598
251,FR-R92R-56,2,"HL Road Frame - Red, 56",Red,722.2568,1301.3636
252,FR-R92R-56,2,"HL Road Frame - Red, 56",Red,868.6342,1431.50
253,FR-R38B-58,2,"LL Road Frame - Black, 58",Black,176.1997,297.6346
254,FR-R38B-58,2,"LL Road Frame - Black, 58",Black,170.1428,306.5636
255,FR-R38B-58,2,"LL Road Frame - Black, 58",Black,204.6251,337.22
256,FR-R38B-60,2,"LL Road Frame - Black, 60",Black,176.1997,297.6346
257,FR-R38B-60,2,"LL Road Frame - Black, 60",Black,170.1428,306.5636
258,FR-R38B-60,2,"LL Road Frame - Black, 60",Black,204.6251,337.22
259,FR-R38B-62,2,"LL Road Frame - Black, 62",Black,176.1997,297.6346
260,FR-R38B-62,2,"LL Road Frame - Black, 62",Black,170.1428,306.5636
261,FR-R38B-62,2,"LL Road Frame - Black, 62",Black,204.6251,337.22
262,FR-R38R-44,2,"LL Road Frame - Red, 44",Red,181.4857,306.5636
263,FR-R38R-44,2,"LL Road Frame - Red, 44",Red,187.1571,337.22
264,FR-R38R-48,2,"LL Road Frame - Red, 48",Red,181.4857,306.5636
265,FR-R38R-48,2,"LL Road Frame - Red, 48",Red,187.1571,337.22
266,FR-R38R-52,2,"LL Road Frame - Red, 52",Red,181.4857,306.5636
267,FR-R38R-52,2,"LL Road Frame - Red, 52",Red,187.1571,337.22
268,FR-R38R-58,2,"LL Road Frame - Red, 58",Red,181.4857,306.5636
269,FR-R38R-58,2,"LL Road Frame - Red, 58",Red,187.1571,337.22
270,FR-R38R-60,2,"LL Road Frame - Red, 60",Red,181.4857,306.5636
271,FR-R38R-60,2,"LL Road Frame - Red, 60",Red,187.1571,337.22
272,FR-R38R-62,2,"LL Road Frame - Red, 62",Red,181.4857,306.5636
273,FR-R38R-62,2,"LL Road Frame - Red, 62",Red,187.1571,337.22
274,FR-R72R-44,2,"ML Road Frame - Red, 44",Red,352.1394,594.83
275,FR-R72R-48,2,"ML Road Frame - Red, 48",Red,352.1394,594.83
276,FR-R72R-52,2,"ML Road Frame - Red, 52",Red,352.1394,594.83
277,FR-R72R-58,2,"ML Road Frame - Red, 58",Red,352.1394,594.83
278,FR-R72R-60,2,"ML Road Frame - Red, 60",Red,352.1394,594.83
279,FR-R38B-44,2,"LL Road Frame - Black, 44",Black,176.1997,297.6346
280,FR-R38B-44,2,"LL Road Frame - Black, 44",Black,170.1428,306.5636
281,FR-R38B-44,2,"LL Road Frame - Black, 44",Black,204.6251,337.22
282,FR-R38B-48,2,"LL Road Frame - Black, 48",Black,176.1997,297.6346
283,FR-R38B-48,2,"LL Road Frame - Black, 48",Black,170.1428,306.5636
284,FR-R38B-48,2,"LL Road Frame - Black, 48",Black,204.6251,337.22
285,FR-R38B-52,2,"LL Road Frame - Black, 52",Black,176.1997,297.6346
286,FR-R38B-52,2,"LL Road Frame - Black, 52",Black,170.1428,306.5636
287,FR-R38B-52,2,"LL Road Frame - Black, 52",Black,204.6251,337.22
288,FR-M94S-42,2,"HL Mountain Frame - Silver, 42",Silver,623.8403,1204.3248
289,FR-M94S-42,2,"HL Mountain Frame - Silver, 42",Silver,660.9142,1240.4545
290,FR-M94S-42,2,"HL Mountain Frame - Silver, 42",Silver,747.2002,1364.50
291,FR-M94S-44,2,"HL Mountain Frame - Silver, 44",Silver,706.811,1364.50
292,FR-M94S-52,2,"HL Mountain Frame - Silver, 48",Silver,706.811,1364.50
293,FR-M94S-46,2,"HL Mountain Frame - Silver, 46",Silver,623.8403,1204.3248
294,FR-M94S-46,2,"HL Mountain Frame - Silver, 46",Silver,660.9142,1240.4545
295,FR-M94S-46,2,"HL Mountain Frame - Silver, 46",Silver,747.2002,1364.50
296,FR-M94B-42,2,"HL Mountain Frame - Black, 42",Black,617.0281,1191.1739
297,FR-M94B-42,2,"HL Mountain Frame - Black, 42",Black,653.6971,1226.9091
298,FR-M94B-42,2,"HL Mountain Frame - Black, 42",Black,739.041,1349.60
299,FR-M94B-44,2,"HL Mountain Frame - Black, 44",Black,699.0928,1349.60
300,FR-M94B-48,2,"HL Mountain Frame - Black, 48",Black,699.0928,1349.60
301,FR-M94B-46,2,"HL Mountain Frame - Black, 46",Black,617.0281,1191.1739
302,FR-M94B-46,2,"HL Mountain Frame - Black, 46",Black,653.6971,1226.9091
303,FR-M94B-46,2,"HL Mountain Frame - Black, 46",Black,739.041,1349.60
304,FR-M94B-38,2,"HL Mountain Frame - Black, 38",Black,617.0281,1191.1739
305,FR-M94B-38,2,"HL Mountain Frame - Black, 38",Black,653.6971,1226.9091
306,FR-M94B-38,2,"HL Mountain Frame - Black, 38",Black,739.041,1349.60
307,FR-M94S-38,2,"HL Mountain Frame - Silver, 38",Silver,623.8403,1204.3248
308,FR-M94S-38,2,"HL Mountain Frame - Silver, 38",Silver,660.9142,1240.4545
309,FR-M94S-38,2,"HL Mountain Frame - Silver, 38",Silver,747.2002,1364.50
310,BK-R93R-62,1,"Road-150 Red, 62",Red,2171.2942,3578.27
311,BK-R93R-44,1,"Road-150 Red, 44",Red,2171.2942,3578.27
312,BK-R93R-48,1,"Road-150 Red, 48",Red,2171.2942,3578.27
313,BK-R93R-52,1,"Road-150 Red, 52",Red,2171.2942,3578.27
314,BK-R93R-56,1,"Road-150 Red, 56",Red,2171.2942,3578.27
315,BK-R68R-58,1,"Road-450 Red, 58",Red,884.7083,1457.99
316,BK-R68R-60,1,"Road-450 Red, 60",Red,884.7083,1457.99
317,BK-R68R-44,1,"Road-450 Red, 44",Red,884.7083,1457.99
318,BK-R68R-48,1,"Road-450 Red, 48",Red,884.7083,1457.99
319,BK-R68R-52,1,"Road-450 Red, 52",Red,884.7083,1457.99
320,BK-R50R-58,1,"Road-650 Red, 58",Red,413.1463,699.0982
321,BK-R50R-58,1,"Road-650 Red, 58",Red,486.7066,782.99
322,BK-R50R-60,1,"Road-650 Red, 60",Red,413.1463,699.0982
323,BK-R50R-60,1,"Road-650 Red, 60",Red,486.7066,782.99
324,BK-R50R-62,1,"Road-650 Red, 62",Red,413.1463,699.0982
325,BK-R50R-62,1,"Road-650 Red, 62",Red,486.7066,782.99
326,BK-R50R-44,1,"Road-650 Red, 44",Red,413.1463,699.0982
327,BK-R50R-44,1,"Road-650 Red, 44",Red,486.7066,782.99
328,BK-R50R-48,1,"Road-650 Red, 48",Red,413.1463,699.0982
329,BK-R50R-48,1,"Road-650 Red, 48",Red,486.7066,782.99
330,BK-R50R-52,1,"Road-650 Red, 52",Red,413.1463,699.0982
331,BK-R50R-52,1,"Road-650 Red, 52",Red,486.7066,782.99
332,BK-R50B-58,1,"Road-650 Black, 58",Black,413.1463,699.0982
333,BK-R50B-58,1,"Road-650 Black, 58",Black,486.7066,782.99
334,BK-R50B-60,1,"Road-650 Black, 60",Black,413.1463,699.0982
335,BK-R50B-60,1,"Road-650 Black, 60",Black,486.7066,782.99
336,BK-R50B-62,1,"Road-650 Black, 62",Black,413.1463,699.0982
337,BK-R50B-62,1,"Road-650 Black, 62",Black,486.7066,782.99
338,BK-R50B-44,1,"Road-650 Black, 44",Black,413.1463,699.0982
339,BK-R50B-44,1,"Road-650 Black, 44",Black,486.7066,782.99
340,BK-R50B-48,1,"Road-650 Black, 48",Black,413.1463,699.0982
341,BK-R50B-48,1,"Road-650 Black, 48",Black,486.7066,782.99
342,BK-R50B-52,1,"Road-650 Black, 52",Black,413.1463,699.0982
343,BK-R50B-52,1,"Road-650 Black, 52",Black,486.7066,782.99
344,BK-M82S-38,1,"Mountain-100 Silver, 38",Silver,1912.1544,3399.99
345,BK-M82S-42,1,"Mountain-100 Silver, 42",Silver,1912.1544,3399.99
346,BK-M82S-44,1,"Mountain-100 Silver, 44",Silver,1912.1544,3399.99
347,BK-M82S-48,1,"Mountain-100 Silver, 48",Silver,1912.1544,3399.99
348,BK-M82B-38,1,"Mountain-100 Black, 38",Black,1898.0944,3374.99
349,BK-M82B-42,1,"Mountain-100 Black, 42",Black,1898.0944,3374.99
350,BK-M82B-44,1,"Mountain-100 Black, 44",Black,1898.0944,3374.99
351,BK-M82B-48,1,"Mountain-100 Black, 48",Black,1898.0944,3374.99
352,BK-M68S-38,1,"Mountain-200 Silver, 38",Silver,1117.8559,2071.4196
353,BK-M68S-38,1,"Mountain-200 Silver, 38",Silver,1265.6195,2319.99
354,BK-M68S-42,1,"Mountain-200 Silver, 42",Silver,1117.8559,2071.4196
355,BK-M68S-42,1,"Mountain-200 Silver, 42",Silver,1265.6195,2319.99
356,BK-M68S-46,1,"Mountain-200 Silver, 46",Silver,1117.8559,2071.4196
357,BK-M68S-46,1,"Mountain-200 Silver, 46",Silver,1265.6195,2319.99
358,BK-M68B-38,1,"Mountain-200 Black, 38",Black,1105.81,2049.0982
359,BK-M68B-38,1,"Mountain-200 Black, 38",Black,1251.9813,2294.99
360,BK-M68B-42,1,"Mountain-200 Black, 42",Black,1105.81,2049.0982
361,BK-M68B-42,1,"Mountain-200 Black, 42",Black,1251.9813,2294.99
362,BK-M68B-46,1,"Mountain-200 Black, 46",Black,1105.81,2049.0982
363,BK-M68B-46,1,"Mountain-200 Black, 46",Black,1251.9813,2294.99
364,BK-M47B-38,1,"Mountain-300 Black, 38",Black,598.4354,1079.99
365,BK-M47B-40,1,"Mountain-300 Black, 40",Black,598.4354,1079.99
366,BK-M47B-44,1,"Mountain-300 Black, 44",Black,598.4354,1079.99
367,BK-M47B-48,1,"Mountain-300 Black, 48",Black,598.4354,1079.99
368,BK-R89R-44,1,"Road-250 Red, 44",Red,1518.7864,2443.35
369,BK-R89R-48,1,"Road-250 Red, 48",Red,1518.7864,2443.35
370,BK-R89R-52,1,"Road-250 Red, 52",Red,1518.7864,2443.35
371,BK-R89R-58,1,"Road-250 Red, 58",Red,1320.6838,2181.5625
372,BK-R89R-58,1,"Road-250 Red, 58",Red,1554.9479,2443.35
373,BK-R89B-44,1,"Road-250 Black, 44",Black,1320.6838,2181.5625
374,BK-R89B-44,1,"Road-250 Black, 44",Black,1554.9479,2443.35
375,BK-R89B-48,1,"Road-250 Black, 48",Black,1320.6838,2181.5625
376,BK-R89B-48,1,"Road-250 Black, 48",Black,1554.9479,2443.35
377,BK-R89B-52,1,"Road-250 Black, 52",Black,1320.6838,2181.5625
378,BK-R89B-52,1,"Road-250 Black, 52",Black,1554.9479,2443.35
379,BK-R89B-58,1,"Road-250 Black, 58",Black,1320.6838,2181.5625
380,BK-R89B-58,1,"Road-250 Black, 58",Black,1554.9479,2443.35
381,BK-R64Y-38,1,"Road-550-W Yellow, 38",Yellow,605.6492,1000.4375
382,BK-R64Y-38,1,"Road-550-W Yellow, 38",Yellow,713.0798,1120.49
383,BK-R64Y-40,1,"Road-550-W Yellow, 40",Yellow,605.6492,1000.4375
384,BK-R64Y-40,1,"Road-550-W Yellow, 40",Yellow,713.0798,1120.49
385,BK-R64Y-42,1,"Road-550-W Yellow, 42",Yellow,605.6492,1000.4375
386,BK-R64Y-42,1,"Road-550-W Yellow, 42",Yellow,713.0798,1120.49
387,BK-R64Y-44,1,"Road-550-W Yellow, 44",Yellow,605.6492,1000.4375
388,BK-R64Y-44,1,"Road-550-W Yellow, 44",Yellow,713.0798,1120.49
389,BK-R64Y-48,1,"Road-550-W Yellow, 48",Yellow,605.6492,1000.4375
390,BK-R64Y-48,1,"Road-550-W Yellow, 48",Yellow,713.0798,1120.49
391,FK-1639,2,LL Fork,NA,65.8097,148.22
392,FK-5136,2,ML Fork,NA,77.9176,175.49
393,FK-9939,2,HL Fork,NA,101.8936,229.49
394,HS-0296,2,LL Headset,NA,15.1848,34.20
395,HS-2451,2,ML Headset,NA,45.4168,102.29
396,HS-3479,2,HL Headset,NA,55.3801,124.73
397,HB-M243,2,LL Mountain Handlebars,NA,17.978,40.4909
398,HB-M243,2,LL Mountain Handlebars,NA,19.7758,44.54
399,HB-M763,2,ML Mountain Handlebars,NA,24.9932,56.2909
400,HB-M763,2,ML Mountain Handlebars,NA,27.4925,61.92
401,HB-M918,2,HL Mountain Handlebars,NA,48.5453,109.3364
402,HB-M918,2,HL Mountain Handlebars,NA,53.3999,120.27
403,HB-R504,2,LL Road Handlebars,NA,17.978,40.4909
404,HB-R504,2,LL Road Handlebars,NA,19.7758,44.54
405,HB-R720,2,ML Road Handlebars,NA,24.9932,56.2909
406,HB-R720,2,ML Road Handlebars,NA,27.4925,61.92
407,HB-R956,2,HL Road Handlebars,NA,48.5453,109.3364
408,HB-R956,2,HL Road Handlebars,NA,53.3999,120.27
409,FR-M63B-38,2,"ML Mountain Frame - Black, 38",Black,185.8193,348.76
410,FW-M423,2,LL Mountain Front Wheel,Black,26.9708,60.745
411,FW-M762,2,ML Mountain Front Wheel,Black,92.8071,209.025
412,FW-M928,2,HL Mountain Front Wheel,Black,133.2955,300.215
413,FW-R623,2,LL Road Front Wheel,Black,37.9909,85.565
414,FW-R762,2,ML Road Front Wheel,Black,110.2829,248.385
415,FW-R820,2,HL Road Front Wheel,Black,146.5466,330.06
416,FW-T905,2,Touring Front Wheel,Black,96.7964,218.01
417,FR-R72Y-38,2,"ML Road Frame-W - Yellow, 38",Yellow,300.1188,540.7545
418,FR-R72Y-38,2,"ML Road Frame-W - Yellow, 38",Yellow,360.9428,594.83
419,RW-M423,2,LL Mountain Rear Wheel,Black,38.9588,87.745
420,RW-M762,2,ML Mountain Rear Wheel,Black,104.7951,236.025
421,RW-M928,2,HL Mountain Rear Wheel,Black,145.2835,327.215
422,RW-R623,2,LL Road Rear Wheel,Black,49.9789,112.565
423,RW-R762,2,ML Road Rear Wheel,Black,122.2709,275.385
424,RW-R820,2,HL Road Rear Wheel,Black,158.5346,357.06
425,RW-T905,2,Touring Rear Wheel,Black,108.7844,245.01
426,FR-M63B-40,2,"ML Mountain Frame - Black, 40",Black,185.8193,348.76
427,FR-M63B-44,2,"ML Mountain Frame - Black, 44",Black,185.8193,348.76
428,FR-M63B-48,2,"ML Mountain Frame - Black, 48",Black,185.8193,348.76
429,FR-R72Y-40,2,"ML Road Frame-W - Yellow, 40",Yellow,300.1188,540.7545
430,FR-R72Y-40,2,"ML Road Frame-W - Yellow, 40",Yellow,360.9428,594.83
431,FR-R72Y-42,2,"ML Road Frame-W - Yellow, 42",Yellow,300.1188,540.7545
432,FR-R72Y-42,2,"ML Road Frame-W - Yellow, 42",Yellow,360.9428,594.83
433,FR-R72Y-44,2,"ML Road Frame-W - Yellow, 44",Yellow,300.1188,540.7545
434,FR-R72Y-44,2,"ML Road Frame-W - Yellow, 44",Yellow,360.9428,594.83
435,FR-R72Y-48,2,"ML Road Frame-W - Yellow, 48",Yellow,300.1188,540.7545
436,FR-R72Y-48,2,"ML Road Frame-W - Yellow, 48",Yellow,360.9428,594.83
437,FR-R92B-62,2,"HL Road Frame - Black, 62",Black,722.2568,1301.3636
438,FR-R92B-62,2,"HL Road Frame - Black, 62",Black,868.6342,1431.50
439,FR-R92B-44,2,"HL Road Frame - Black, 44",Black,722.2568,1301.3636
440,FR-R92B-44,2,"HL Road Frame - Black, 44",Black,868.6342,1431.50
441,FR-R92B-48,2,"HL Road Frame - Black, 48",Black,722.2568,1301.3636
442,FR-R92B-48,2,"HL Road Frame - Black, 48",Black,868.6342,1431.50
443,FR-R92B-52,2,"HL Road Frame - Black, 52",Black,722.2568,1301.3636
444,FR-R92B-52,2,"HL Road Frame - Black, 52",Black,868.6342,1431.50
445,SH-M897-S,3,"Men's Sports Shorts, S",Black,24.7459,59.99
446,PA-T100,4,"Touring-Panniers, Large",Grey,51.5625,125.00
447,LO-C100,4,Cable Lock,NA,10.3125,25.00
448,PU-0452,4,Minipump,NA,8.2459,19.99
449,PU-M044,4,Mountain Pump,NA,10.3084,24.99
450,LT-T990,4,Taillights - Battery-Powered,NA,5.7709,13.99
451,LT-H902,4,Headlights - Dual-Beam,NA,14.4334,34.99
452,LT-H903,4,Headlights - Weatherproof,NA,18.5584,44.99
453,SH-M897-M,3,"Men's Sports Shorts, M",Black,24.7459,59.99
454,SH-M897-L,3,"Men's Sports Shorts, L",Black,24.7459,59.99
455,SH-M897-X,3,"Men's Sports Shorts, XL",Black,24.7459,59.99
456,TG-W091-S,3,"Women's Tights, S",Black,30.9334,74.99
457,TG-W091-M,3,"Women's Tights, M",Black,30.9334,74.99
458,TG-W091-L,3,"Women's Tights, L",Black,30.9334,74.99
459,SB-M891-S,3,"Men's Bib-Shorts, S",Multi,37.1209,89.99
460,SB-M891-M,3,"Men's Bib-Shorts, M",Multi,37.1209,89.99
461,SB-M891-L,3,"Men's Bib-Shorts, L",Multi,37.1209,89.99
462,GL-H102-S,3,"Half-Finger Gloves, S",Black,9.7136,23.5481
463,GL-H102-S,3,"Half-Finger Gloves, S",Black,9.1593,24.49
464,GL-H102-M,3,"Half-Finger Gloves, M",Black,9.7136,23.5481
465,GL-H102-M,3,"Half-Finger Gloves, M",Black,9.1593,24.49
466,GL-H102-L,3,"Half-Finger Gloves, L",Black,9.7136,23.5481
467,GL-H102-L,3,"Half-Finger Gloves, L",Black,9.1593,24.49
468,GL-F110-S,3,"Full-Finger Gloves, S",Black,15.6709,37.99
469,GL-F110-M,3,"Full-Finger Gloves, M",Black,15.6709,37.99
470,GL-F110-L,3,"Full-Finger Gloves, L",Black,15.6709,37.99
471,VE-C304-S,3,"Classic Vest, S",Blue,23.749,63.50
472,VE-C304-M,3,"Classic Vest, M",Blue,23.749,63.50
473,VE-C304-L,3,"Classic Vest, L",Blue,23.749,63.50
474,SH-W890-S,3,"Women's Mountain Shorts, S",Black,26.1763,69.99
475,SH-W890-M,3,"Women's Mountain Shorts, M",Black,26.1763,69.99
476,SH-W890-L,3,"Women's Mountain Shorts, L",Black,26.1763,69.99
477,WB-H098,4,Water Bottle - 30 oz.,NA,1.8663,4.99
478,BC-M005,4,Mountain Bottle Cage,NA,3.7363,9.99
479,BC-R205,4,Road Bottle Cage,NA,3.3623,8.99
480,PK-7098,4,Patch Kit/8 Patches,NA,0.8565,2.29
481,SO-R809-M,3,"Racing Socks, M",White,3.3623,8.99
482,SO-R809-L,3,"Racing Socks, L",White,3.3623,8.99
483,RA-H123,4,Hitch Rack - 4-Bike,NA,44.88,120.00
484,CL-9009,4,Bike Wash - Dissolver,NA,2.9733,7.95
485,FE-6654,4,Fender Set - Mountain,NA,8.2205,21.98
486,ST-1401,4,All-Purpose Bike Stand,NA,59.466,159.00
487,HY-1023-70,4,Hydration Pack - 70 oz.,Silver,20.5663,54.99
488,SJ-0194-S,3,"Short-Sleeve Classic Jersey, S",Yellow,41.5723,53.99
489,SJ-0194-M,3,"Short-Sleeve Classic Jersey, M",Yellow,41.5723,53.99
490,SJ-0194-L,3,"Short-Sleeve Classic Jersey, L",Yellow,41.5723,53.99
491,SJ-0194-X,3,"Short-Sleeve Classic Jersey, XL",Yellow,41.5723,53.99
492,FR-T98Y-60,2,"HL Touring Frame - Yellow, 60",Yellow,601.7437,1003.91
493,FR-T67Y-62,2,"LL Touring Frame - Yellow, 62",Yellow,199.8519,333.42
494,FR-T98Y-46,2,"HL Touring Frame - Yellow, 46",Yellow,601.7437,1003.91
495,FR-T98Y-50,2,"HL Touring Frame - Yellow, 50",Yellow,601.7437,1003.91
496,FR-T98Y-54,2,"HL Touring Frame - Yellow, 54",Yellow,601.7437,1003.91
497,FR-T98U-46,2,"HL Touring Frame - Blue, 46",Blue,601.7437,1003.91
498,FR-T98U-50,2,"HL Touring Frame - Blue, 50",Blue,601.7437,1003.91
499,FR-T98U-54,2,"HL Touring Frame - Blue, 54",Blue,601.7437,1003.91
500,FR-T98U-60,2,"HL Touring Frame - Blue, 60",Blue,601.7437,1003.91
501,RD-2308,2,Rear Derailleur,Silver,53.9282,121.46
502,FR-T67U-50,2,"LL Touring Frame - Blue, 50",Blue,199.8519,333.42
503,FR-T67U-54,2,"LL Touring Frame - Blue, 54",Blue,199.8519,333.42
504,FR-T67U-58,2,"LL Touring Frame - Blue, 58",Blue,199.8519,333.42
505,FR-T67U-62,2,"LL Touring Frame - Blue, 62",Blue,199.8519,333.42
506,FR-T67Y-44,2,"LL Touring Frame - Yellow, 44",Yellow,199.8519,333.42
507,FR-T67Y-50,2,"LL Touring Frame - Yellow, 50",Yellow,199.8519,333.42
508,FR-T67Y-54,2,"LL Touring Frame - Yellow, 54",Yellow,199.8519,333.42
509,FR-T67Y-58,2,"LL Touring Frame - Yellow, 58",Yellow,199.8519,333.42
510,FR-T67U-44,2,"LL Touring Frame - Blue, 44",Blue,199.8519,333.42
511,FR-M63S-40,2,"ML Mountain Frame-W - Silver, 40",Silver,199.3757,364.09
512,FR-M63S-42,2,"ML Mountain Frame-W - Silver, 42",Silver,199.3757,364.09
513,FR-M63S-46,2,"ML Mountain Frame-W - Silver, 46",Silver,199.3757,364.09
514,RB-9231,2,Rear Brakes,Silver,47.286,106.50
515,SE-M236,2,LL Mountain Seat/Saddle,NA,12.0413,27.12
516,SE-M798,2,ML Mountain Seat/Saddle,NA,17.3782,39.14
517,SE-M940,2,HL Mountain Seat/Saddle,NA,23.3722,52.64
518,SE-R581,2,LL Road Seat/Saddle,NA,12.0413,27.12
519,SE-R908,2,ML Road Seat/Saddle,NA,17.3782,39.14
520,SE-R995,2,HL Road Seat/Saddle,NA,23.3722,52.64
521,SE-T312,2,LL Touring Seat/Saddle,NA,12.0413,27.12
522,SE-T762,2,ML Touring Seat/Saddle,NA,17.3782,39.14
523,SE-T924,2,HL Touring Seat/Saddle,NA,23.3722,52.64
524,FR-M21S-42,2,"LL Mountain Frame - Silver, 42",Silver,144.5938,264.05
525,FR-M21S-44,2,"LL Mountain Frame - Silver, 44",Silver,144.5938,264.05
526,FR-M21S-48,2,"LL Mountain Frame - Silver, 48",Silver,144.5938,264.05
527,FR-M21S-52,2,"LL Mountain Frame - Silver, 52",Silver,144.5938,264.05
528,TT-M928,4,Mountain Tire Tube,NA,1.8663,4.99
529,TT-R982,4,Road Tire Tube,NA,1.4923,3.99
530,TT-T092,4,Touring Tire Tube,NA,1.8663,4.99
531,FR-M21B-42,2,"LL Mountain Frame - Black, 42",Black,136.785,249.79
532,FR-M21B-44,2,"LL Mountain Frame - Black, 44",Black,136.785,249.79
533,FR-M21B-48,2,"LL Mountain Frame - Black, 48",Black,136.785,249.79
534,FR-M21B-52,2,"LL Mountain Frame - Black, 52",Black,136.785,249.79
535,TI-M267,4,LL Mountain Tire,NA,9.3463,24.99
536,TI-M602,4,ML Mountain Tire,NA,11.2163,29.99
537,TI-M823,4,HL Mountain Tire,NA,13.09,35.00
538,TI-R092,4,LL Road Tire,NA,8.0373,21.49
539,TI-R628,4,ML Road Tire,NA,9.3463,24.99
540,TI-R982,4,HL Road Tire,NA,12.1924,32.60
541,TI-T723,4,Touring Tire,NA,10.8423,28.99
542,PD-M282,2,LL Mountain Pedal,Silver/Black,17.9776,40.49
543,PD-M340,2,ML Mountain Pedal,Silver/Black,27.568,62.09
544,PD-M562,2,HL Mountain Pedal,Silver/Black,35.9596,80.99
545,PD-R347,2,LL Road Pedal,Silver/Black,17.9776,40.49
546,PD-R563,2,ML Road Pedal,Silver/Black,27.568,62.09
547,PD-R853,2,HL Road Pedal,Silver/Black,35.9596,80.99
548,PD-T852,2,Touring Pedal,Silver/Black,35.9596,80.99
549,FR-M63S-38,2,"ML Mountain Frame-W - Silver, 38",Silver,199.3757,364.09
550,FR-M21B-40,2,"LL Mountain Frame - Black, 40",Black,136.785,249.79
551,FR-M21S-40,2,"LL Mountain Frame - Silver, 40",Silver,144.5938,264.05
552,FD-2342,2,Front Derailleur,Silver,40.6216,91.49
553,HB-T721,2,LL Touring Handlebars,NA,20.464,46.09
554,HB-T928,2,HL Touring Handlebars,NA,40.6571,91.57
555,FB-9873,2,Front Brakes,Silver,47.286,106.50
556,CS-4759,2,LL Crankset,Black,77.9176,175.49
557,CS-6583,2,ML Crankset,Black,113.8816,256.49
558,CS-9183,2,HL Crankset,Black,179.8156,404.99
559,CH-0234,2,Chain,Silver,8.9866,20.24
560,BK-T44U-60,1,"Touring-2000 Blue, 60",Blue,755.1508,1214.85
561,BK-T79Y-46,1,"Touring-1000 Yellow, 46",Yellow,1481.9379,2384.07
562,BK-T79Y-50,1,"Touring-1000 Yellow, 50",Yellow,1481.9379,2384.07
563,BK-T79Y-54,1,"Touring-1000 Yellow, 54",Yellow,1481.9379,2384.07
564,BK-T79Y-60,1,"Touring-1000 Yellow, 60",Yellow,1481.9379,2384.07
565,BK-T18U-54,1,"Touring-3000 Blue, 54",Blue,461.4448,742.35
566,BK-T18U-58,1,"Touring-3000 Blue, 58",Blue,461.4448,742.35
567,BK-T18U-62,1,"Touring-3000 Blue, 62",Blue,461.4448,742.35
568,BK-T18Y-44,1,"Touring-3000 Yellow, 44",Yellow,461.4448,742.35
569,BK-T18Y-50,1,"Touring-3000 Yellow, 50",Yellow,461.4448,742.35
570,BK-T18Y-54,1,"Touring-3000 Yellow, 54",Yellow,461.4448,742.35
571,BK-T18Y-58,1,"Touring-3000 Yellow, 58",Yellow,461.4448,742.35
572,BK-T18Y-62,1,"Touring-3000 Yellow, 62",Yellow,461.4448,742.35
573,BK-T79U-46,1,"Touring-1000 Blue, 46",Blue,1481.9379,2384.07
574,BK-T79U-50,1,"Touring-1000 Blue, 50",Blue,1481.9379,2384.07
575,BK-T79U-54,1,"Touring-1000 Blue, 54",Blue,1481.9379,2384.07
576,BK-T79U-60,1,"Touring-1000 Blue, 60",Blue,1481.9379,2384.07
577,BK-T44U-46,1,"Touring-2000 Blue, 46",Blue,755.1508,1214.85
578,BK-T44U-50,1,"Touring-2000 Blue, 50",Blue,755.1508,1214.85
579,BK-T44U-54,1,"Touring-2000 Blue, 54",Blue,755.1508,1214.85
580,BK-R79Y-40,1,"Road-350-W Yellow, 40",Yellow,1082.51,1700.99
581,BK-R79Y-42,1,"Road-350-W Yellow, 42",Yellow,1082.51,1700.99
582,BK-R79Y-44,1,"Road-350-W Yellow, 44",Yellow,1082.51,1700.99
583,BK-R79Y-48,1,"Road-350-W Yellow, 48",Yellow,1082.51,1700.99
584,BK-R19B-58,1,"Road-750 Black, 58",Black,343.6496,539.99
585,BK-T18U-44,1,"Touring-3000 Blue, 44",Blue,461.4448,742.35
586,BK-T18U-50,1,"Touring-3000 Blue, 50",Blue,461.4448,742.35
587,BK-M38S-38,1,"Mountain-400-W Silver, 38",Silver,419.7784,769.49
588,BK-M38S-40,1,"Mountain-400-W Silver, 40",Silver,419.7784,769.49
589,BK-M38S-42,1,"Mountain-400-W Silver, 42",Silver,419.7784,769.49
590,BK-M38S-46,1,"Mountain-400-W Silver, 46",Silver,419.7784,769.49
591,BK-M18S-40,1,"Mountain-500 Silver, 40",Silver,308.2179,564.99
592,BK-M18S-42,1,"Mountain-500 Silver, 42",Silver,308.2179,564.99
593,BK-M18S-44,1,"Mountain-500 Silver, 44",Silver,308.2179,564.99
594,BK-M18S-48,1,"Mountain-500 Silver, 48",Silver,308.2179,564.99
595,BK-M18S-52,1,"Mountain-500 Silver, 52",Silver,308.2179,564.99
596,BK-M18B-40,1,"Mountain-500 Black, 40",Black,294.5797,539.99
597,BK-M18B-42,1,"Mountain-500 Black, 42",Black,294.5797,539.99
598,BK-M18B-44,1,"Mountain-500 Black, 44",Black,294.5797,539.99
599,BK-M18B-48,1,"Mountain-500 Black, 48",Black,294.5797,539.99
600,BK-M18B-52,1,"Mountain-500 Black, 52",Black,294.5797,539.99
601,BB-7421,2,LL Bottom Bracket,NA,23.9716,53.99
602,BB-8107,2,ML Bottom Bracket,NA,44.9506,101.24
603,BB-9108,2,HL Bottom Bracket,NA,53.9416,121.49
604,BK-R19B-44,1,"Road-750 Black, 44",Black,343.6496,539.99
605,BK-R19B-48,1,"Road-750 Black, 48",Black,343.6496,539.99
606,BK-R19B-52,1,"Road-750 Black, 52",Black,343.6496,539.99
